Society Name,Link
Aabpara Coop Housing Society,/society_maps/lahore/aabpara_coop_housing_society-811/
Abdalians Cooperative Housing Society,/society_maps/lahore/abdalians_cooperative_housing_society-238/
Abdullah Town,/society_maps/lahore/abdullah_town-3337/
Abid City,/society_maps/lahore/abid_city-1010/
Abuzar Housing Scheme,/society_maps/lahore/abuzar_housing_scheme-1011/
Adams Housing Scheme,/society_maps/lahore/lahore_garden_housing_scheme-1731/
Aftab Garden,/society_maps/lahore/aftab_garden-812/
Agrics Town,/society_maps/lahore/agrics_town-2519/
Ahmad Avenue,/society_maps/lahore/ahmad_avenue-2517/
Ahmad Housing Society,/society_maps/lahore/ahmad_housing_society-1205/
AIMC Residential Colony,/society_maps/lahore/aimc_residential_colony-3356/
Airline Housing Society,/society_maps/lahore/airline_housing_society-239/
Aitchison Society,/society_maps/lahore/aitchison_society-2520/
Akram Abad,/society_maps/lahore/akram_abad-4179/
Al Hafeez Gardens,/society_maps/lahore/al_hafeez_gardens-2883/
Al Hamra Town,/society_maps/lahore/al_hamra_town-240/
Al Haram City,/society_maps/lahore/al_haram_city-5274/
Al Haram Garden,/society_maps/lahore/al_haram_garden-2950/
Al Jalil Garden,/society_maps/lahore/al_jalil_garden-1236/
Al Jannat Homes,/society_maps/lahore/al_jannat_homes-3037/
Al Jannat Housing Scheme,/society_maps/lahore/al_jannat_housing_scheme-857/
Al Kareem Garden,/society_maps/lahore/al_kareem_garden-809/
Al Madina Avenue,/society_maps/lahore/al_madina_avenue-815/
Al Noor Park Housing Society,/society_maps/lahore/al_noor_park_housing_society-3357/
Al Rahim Homes,/society_maps/lahore/al_rahim_homes-2852/
Al Raziq Garden,/society_maps/lahore/al_raziq_garden-1688/
Al-Ahmad Garden Housing Scheme,/society_maps/lahore/al_ahmad_garden_housing_scheme-2985/
Al-Amin Housing Society,/society_maps/lahore/al_amin_housing_society-2480/
Al-Ghani Garden,/society_maps/lahore/al_ghani_garden-1687/
Al-Hadi Garden,/society_maps/lahore/al_hadi_garden-3011/
Al-Hamd Gardens,/society_maps/lahore/al_hamd_gardens-1833/
Al-Kareem Premier Housing Scheme,/society_maps/lahore/al_kareem_premier_housing_scheme-3080/
Al-Mava Housing Scheme,/society_maps/lahore/al_mava_housing_scheme-1211/
Al-Noor Orchard,/society_maps/lahore/al_noor_orchard-1393/
Al-Qayyum Garden,/society_maps/lahore/al_qayyum_garden-1446/
Al-Rehmat Housing,/society_maps/lahore/al_rehmat_housing-1230/
Al-Wahab Garden - Phase 1,/society_maps/lahore/al_wahab_garden_phase_1-3129/
Ali Park,/society_maps/lahore/ali_park-2022/
Ali Town,/society_maps/lahore/ali_town-285/
Ali View Garden,/society_maps/lahore/ali_view_garden-2887/
Alia Town,/society_maps/lahore/alia_town-1370/
Allama Iqbal Town,/society_maps/lahore/allama_iqbal_town-23/
Alpha Society,/society_maps/lahore/alpha_society-221/
Aman Town,/society_maps/lahore/aman_town-803/
Amina Park,/society_maps/lahore/amina_park-3178/
Angoori Bagh Scheme 1,/society_maps/lahore/angoori_bagh_scheme_1-2539/
Angoori Bagh Scheme 1 - Block A,/society_maps/lahore/angoori_bagh_scheme_1_block_a-3360/
Anwar Town,/society_maps/lahore/anwar_town-3361/
Architects Engineers Housing Society,/society_maps/lahore/architects_engineers_housing_society-241/
Arya Nagar,/society_maps/lahore/arya_nagar-3362/
Ashiana-e-Quaid Housing Scheme,/society_maps/lahore/ashiana_e_quaid_housing_scheme-2550/
Ashrafi Town,/society_maps/lahore/ashrafi_town-217/
Askari 10,/society_maps/lahore/askari_10-27/
Askari 11,/society_maps/lahore/askari_11-1346/
Askari 11,/society_maps/lahore/askari_11-28/
Askari 9,/society_maps/lahore/askari_9-26/
Atomic Energy Society - PAEC,/society_maps/lahore/atomic_energy_society_paec-288/
Avicenna City,/society_maps/lahore/avicenna_city-823/
Awami Colony,/society_maps/lahore/awami_colony-6127/
Awan Town,/society_maps/lahore/awan_town-2484/
Awasia Housing Society,/society_maps/lahore/awasia_housing_society-270/
Azam Gardens,/society_maps/lahore/azam_gardens-2500/
Azizia Town,/society_maps/lahore/azizia_town-1372/
Badduke,/society_maps/lahore/badduke-852/
Bagh Gul Begum,/society_maps/lahore/bagh_gul_begum-3320/
Bagh-e-Iram Housing Society,/society_maps/lahore/bagh_e_iram_housing_society-2853/
Bahar Colony,/society_maps/lahore/bahar_colony-3033/
Bahria Education & Medical City,/society_maps/lahore/bahria_education_&_medical_city-784/
Bahria Nasheman,/society_maps/lahore/bahria_nasheman-230/
Bahria Nasheman - Iris,/society_maps/lahore/bahria_nasheman_iris-2542/
Bahria Nasheman - Sunflower,/society_maps/lahore/bahria_nasheman_sunflower-2543/
Bahria Nasheman - Zinia,/society_maps/lahore/bahria_nasheman_zinia-1922/
Bahria Orchard,/society_maps/lahore/bahria_orchard-832/
Bahria Town,/society_maps/lahore/bahria_town-833/
Bahria Town - Overseas Enclave,/society_maps/lahore/bahria_town_overseas_enclave-2009/
Bandian Wala,/society_maps/lahore/bandian_wala-3577/
Bankers Avenue Cooperative Housing Society,/society_maps/lahore/bankers_avenue_cooperative_housing_society-2850/
Bankers Co-operative Housing Society,/society_maps/lahore/bankers_co_operative_housing_society-834/
Barkat Market,/society_maps/lahore/barkat_market-2200/
Bata Officer Colony,/society_maps/lahore/bata_officer_colony-3199/
Beacon House Society,/society_maps/lahore/beacon_house_society-214/
Bhatti Colony,/society_maps/lahore/bhatti_colony-2518/
Bilal Gunj,/society_maps/lahore/bilal_gunj-2493/
Bismillah Housing Scheme,/society_maps/lahore/bismillah_housing_scheme-1550/
BOR - Board of Revenue Housing Society,/society_maps/lahore/bor_board_of_revenue_housing_society-1713/
Canal Burg,/society_maps/lahore/canal_burg-2949/
Canal Fort II,/society_maps/lahore/canal_fort_ii-2993/
Canal Garden,/society_maps/lahore/canal_garden-758/
Canal Park,/society_maps/lahore/canal_park-2854/
Canal Valley,/society_maps/lahore/canal_valley-1740/
Canal View,/society_maps/lahore/canal_view-41/
Cavalry Ground,/society_maps/lahore/cavalry_ground-249/
Cavalry Ground,/society_maps/lahore/cavalry_ground-40/
Central Park Housing Scheme,/society_maps/lahore/central_park_housing_scheme-257/
Chahal Homes,/society_maps/lahore/chahal_homes-1373/
Chauburji Quarters,/society_maps/lahore/chauburji_quarters-3363/
Chaudhary Colony,/society_maps/lahore/chaudhary_colony-6033/
China Scheme,/society_maps/lahore/china_scheme-2554/
Chinar Bagh,/society_maps/lahore/chinar_bagh-844/
Chinar Court,/society_maps/lahore/chinar_court-215/
Christian Colony,/society_maps/lahore/christian_colony-2526/
Civil Defence,/society_maps/lahore/civil_defence-2970/
CMA Colony,/society_maps/lahore/cma_colony-1991/
Combo Colony,/society_maps/lahore/combo_colony-2544/
Cricketer Villas,/society_maps/lahore/cricketer_villas-2925/
Dawood Residency Housing Scheme,/society_maps/lahore/dawood_residency_housing_scheme-1014/
DHA 9 Town,/society_maps/lahore/dha_9_town-54/
DHA Defence,/society_maps/lahore/dha_defence-37/
Dilkusha Gardens,/society_maps/lahore/dilkusha_gardens-1369/
Divine Gardens,/society_maps/lahore/divine_gardens-1350/
Divine Homes,/society_maps/lahore/divine_homes-3307/
Doctors Housing Society,/society_maps/lahore/doctors_housing_society-286/
Dream Avenue Lahore,/society_maps/lahore/dream_avenue_lahore-856/
Dream Gardens,/society_maps/lahore/dream_gardens-1008/
Dream Housing Society,/society_maps/lahore/dream_housing_society-1706/
Dream Villas,/society_maps/lahore/dream_villas-3088/
Eden Avenue,/society_maps/lahore/eden_avenue-1924/
Eden Avenue Extension,/society_maps/lahore/eden_avenue_extension-2918/
Eden Canal Villas,/society_maps/lahore/eden_canal_villas-1963/
Eden City,/society_maps/lahore/eden_city-236/
Eden Cottage 1,/society_maps/lahore/eden_cottage_1-1940/
Eden Cottages 2,/society_maps/lahore/eden_cottages_2-3364/
Eden Defence Villas,/society_maps/lahore/eden_defence_villas-2880/
Eden Gardens,/society_maps/lahore/eden_gardens-1209/
Eden Gardens Extension,/society_maps/lahore/eden_gardens_extension-4339/
Eden Lane Villas 1,/society_maps/lahore/eden_lane_villas_1-836/
Eden Lane Villas 2,/society_maps/lahore/eden_lane_villas_2-2185/
Eden Palace Villas,/society_maps/lahore/eden_palace_villas-2186/
Eden Park,/society_maps/lahore/eden_park-227/
Eden Residencia,/society_maps/lahore/eden_residencia-259/
Eden Value Homes,/society_maps/lahore/eden_value_homes-1992/
Eden Villas,/society_maps/lahore/eden_villas-3017/
Edenabad Extension,/society_maps/lahore/edenabad_extension-4348/
Edenabad Extension 1,/society_maps/lahore/edenabad_extension_1-4373/
Education Town,/society_maps/lahore/education_town-2498/
Elite Town,/society_maps/lahore/elite_town-248/
EME Society,/society_maps/lahore/eme_society-48/
Etihad Town,/society_maps/lahore/etihad_town-1645/
Evergreen Housing Scheme,/society_maps/lahore/evergreen_housing_scheme-1212/
Excise & Taxation Housing Scheme,/society_maps/lahore/excise_&_taxation_housing_scheme-2502/
Faisal Town,/society_maps/lahore/faisal_town-47/
Farid Kot House,/society_maps/lahore/farid_kot_house-4634/
Farooq Avenue,/society_maps/lahore/farooq_avenue-3365/
Fazaia Housing Scheme,/society_maps/lahore/fazaia_housing_scheme-50/
Fazlia Colony,/society_maps/lahore/fazlia_colony-2370/
Firdous Colony,/society_maps/lahore/firdous_colony-3325/
Formanites Housing Scheme,/society_maps/lahore/formanites_housing_scheme-250/
Fort Villas,/society_maps/lahore/fort_villas-2482/
Aabpara Coop Housing Society,/society_maps/lahore/aabpara_coop_housing_society-811/
Abdalians Cooperative Housing Society,/society_maps/lahore/abdalians_cooperative_housing_society-238/
Abdullah Town,/society_maps/lahore/abdullah_town-3337/
Abid City,/society_maps/lahore/abid_city-1010/
Abuzar Housing Scheme,/society_maps/lahore/abuzar_housing_scheme-1011/
Adams Housing Scheme,/society_maps/lahore/lahore_garden_housing_scheme-1731/
Aftab Garden,/society_maps/lahore/aftab_garden-812/
Agrics Town,/society_maps/lahore/agrics_town-2519/
Ahmad Avenue,/society_maps/lahore/ahmad_avenue-2517/
Ahmad Housing Society,/society_maps/lahore/ahmad_housing_society-1205/
AIMC Residential Colony,/society_maps/lahore/aimc_residential_colony-3356/
Airline Housing Society,/society_maps/lahore/airline_housing_society-239/
Aitchison Society,/society_maps/lahore/aitchison_society-2520/
Akram Abad,/society_maps/lahore/akram_abad-4179/
Al Hafeez Gardens,/society_maps/lahore/al_hafeez_gardens-2883/
Al Hamra Town,/society_maps/lahore/al_hamra_town-240/
Al Haram City,/society_maps/lahore/al_haram_city-5274/
Al Haram Garden,/society_maps/lahore/al_haram_garden-2950/
Al Jalil Garden,/society_maps/lahore/al_jalil_garden-1236/
Al Jannat Homes,/society_maps/lahore/al_jannat_homes-3037/
Al Jannat Housing Scheme,/society_maps/lahore/al_jannat_housing_scheme-857/
Al Kareem Garden,/society_maps/lahore/al_kareem_garden-809/
Al Madina Avenue,/society_maps/lahore/al_madina_avenue-815/
Al Noor Park Housing Society,/society_maps/lahore/al_noor_park_housing_society-3357/
Al Rahim Homes,/society_maps/lahore/al_rahim_homes-2852/
Al Raziq Garden,/society_maps/lahore/al_raziq_garden-1688/
Al-Ahmad Garden Housing Scheme,/society_maps/lahore/al_ahmad_garden_housing_scheme-2985/
Al-Amin Housing Society,/society_maps/lahore/al_amin_housing_society-2480/
Al-Ghani Garden,/society_maps/lahore/al_ghani_garden-1687/
Al-Hadi Garden,/society_maps/lahore/al_hadi_garden-3011/
Al-Hamd Gardens,/society_maps/lahore/al_hamd_gardens-1833/
Al-Kareem Premier Housing Scheme,/society_maps/lahore/al_kareem_premier_housing_scheme-3080/
Al-Mava Housing Scheme,/society_maps/lahore/al_mava_housing_scheme-1211/
Al-Noor Orchard,/society_maps/lahore/al_noor_orchard-1393/
Al-Qayyum Garden,/society_maps/lahore/al_qayyum_garden-1446/
Al-Rehmat Housing,/society_maps/lahore/al_rehmat_housing-1230/
Al-Wahab Garden - Phase 1,/society_maps/lahore/al_wahab_garden_phase_1-3129/
Ali Park,/society_maps/lahore/ali_park-2022/
Ali Town,/society_maps/lahore/ali_town-285/
Ali View Garden,/society_maps/lahore/ali_view_garden-2887/
Alia Town,/society_maps/lahore/alia_town-1370/
Allama Iqbal Town,/society_maps/lahore/allama_iqbal_town-23/
Alpha Society,/society_maps/lahore/alpha_society-221/
Aman Town,/society_maps/lahore/aman_town-803/
Amina Park,/society_maps/lahore/amina_park-3178/
Angoori Bagh Scheme 1,/society_maps/lahore/angoori_bagh_scheme_1-2539/
Angoori Bagh Scheme 1 - Block A,/society_maps/lahore/angoori_bagh_scheme_1_block_a-3360/
Anwar Town,/society_maps/lahore/anwar_town-3361/
Architects Engineers Housing Society,/society_maps/lahore/architects_engineers_housing_society-241/
Arya Nagar,/society_maps/lahore/arya_nagar-3362/
Ashiana-e-Quaid Housing Scheme,/society_maps/lahore/ashiana_e_quaid_housing_scheme-2550/
Ashrafi Town,/society_maps/lahore/ashrafi_town-217/
Askari 10,/society_maps/lahore/askari_10-27/
Askari 11,/society_maps/lahore/askari_11-1346/
Askari 11,/society_maps/lahore/askari_11-28/
Askari 9,/society_maps/lahore/askari_9-26/
Atomic Energy Society - PAEC,/society_maps/lahore/atomic_energy_society_paec-288/
Avicenna City,/society_maps/lahore/avicenna_city-823/
Awami Colony,/society_maps/lahore/awami_colony-6127/
Awan Town,/society_maps/lahore/awan_town-2484/
Awasia Housing Society,/society_maps/lahore/awasia_housing_society-270/
Azam Gardens,/society_maps/lahore/azam_gardens-2500/
Azizia Town,/society_maps/lahore/azizia_town-1372/
Badduke,/society_maps/lahore/badduke-852/
Bagh Gul Begum,/society_maps/lahore/bagh_gul_begum-3320/
Bagh-e-Iram Housing Society,/society_maps/lahore/bagh_e_iram_housing_society-2853/
Bahar Colony,/society_maps/lahore/bahar_colony-3033/
Bahria Education & Medical City,/society_maps/lahore/bahria_education_&_medical_city-784/
Bahria Nasheman,/society_maps/lahore/bahria_nasheman-230/
Bahria Nasheman - Iris,/society_maps/lahore/bahria_nasheman_iris-2542/
Bahria Nasheman - Sunflower,/society_maps/lahore/bahria_nasheman_sunflower-2543/
Bahria Nasheman - Zinia,/society_maps/lahore/bahria_nasheman_zinia-1922/
Bahria Orchard,/society_maps/lahore/bahria_orchard-832/
Bahria Town,/society_maps/lahore/bahria_town-833/
Bahria Town - Overseas Enclave,/society_maps/lahore/bahria_town_overseas_enclave-2009/
Bandian Wala,/society_maps/lahore/bandian_wala-3577/
Bankers Avenue Cooperative Housing Society,/society_maps/lahore/bankers_avenue_cooperative_housing_society-2850/
Bankers Co-operative Housing Society,/society_maps/lahore/bankers_co_operative_housing_society-834/
Barkat Market,/society_maps/lahore/barkat_market-2200/
Bata Officer Colony,/society_maps/lahore/bata_officer_colony-3199/
Beacon House Society,/society_maps/lahore/beacon_house_society-214/
Bhatti Colony,/society_maps/lahore/bhatti_colony-2518/
Bilal Gunj,/society_maps/lahore/bilal_gunj-2493/
Bismillah Housing Scheme,/society_maps/lahore/bismillah_housing_scheme-1550/
BOR - Board of Revenue Housing Society,/society_maps/lahore/bor_board_of_revenue_housing_society-1713/
Canal Burg,/society_maps/lahore/canal_burg-2949/
Canal Fort II,/society_maps/lahore/canal_fort_ii-2993/
Canal Garden,/society_maps/lahore/canal_garden-758/
Canal Park,/society_maps/lahore/canal_park-2854/
Canal Valley,/society_maps/lahore/canal_valley-1740/
Canal View,/society_maps/lahore/canal_view-41/
Cavalry Ground,/society_maps/lahore/cavalry_ground-249/
Cavalry Ground,/society_maps/lahore/cavalry_ground-40/
Central Park Housing Scheme,/society_maps/lahore/central_park_housing_scheme-257/
Chahal Homes,/society_maps/lahore/chahal_homes-1373/
Chauburji Quarters,/society_maps/lahore/chauburji_quarters-3363/
Chaudhary Colony,/society_maps/lahore/chaudhary_colony-6033/
China Scheme,/society_maps/lahore/china_scheme-2554/
Chinar Bagh,/society_maps/lahore/chinar_bagh-844/
Chinar Court,/society_maps/lahore/chinar_court-215/
Christian Colony,/society_maps/lahore/christian_colony-2526/
Civil Defence,/society_maps/lahore/civil_defence-2970/
CMA Colony,/society_maps/lahore/cma_colony-1991/
Combo Colony,/society_maps/lahore/combo_colony-2544/
Cricketer Villas,/society_maps/lahore/cricketer_villas-2925/
Dawood Residency Housing Scheme,/society_maps/lahore/dawood_residency_housing_scheme-1014/
DHA 9 Town,/society_maps/lahore/dha_9_town-54/
DHA Defence,/society_maps/lahore/dha_defence-37/
Dilkusha Gardens,/society_maps/lahore/dilkusha_gardens-1369/
Divine Gardens,/society_maps/lahore/divine_gardens-1350/
Divine Homes,/society_maps/lahore/divine_homes-3307/
Doctors Housing Society,/society_maps/lahore/doctors_housing_society-286/
Dream Avenue Lahore,/society_maps/lahore/dream_avenue_lahore-856/
Dream Gardens,/society_maps/lahore/dream_gardens-1008/
Dream Housing Society,/society_maps/lahore/dream_housing_society-1706/
Dream Villas,/society_maps/lahore/dream_villas-3088/
Eden Avenue,/society_maps/lahore/eden_avenue-1924/
Eden Avenue Extension,/society_maps/lahore/eden_avenue_extension-2918/
Eden Canal Villas,/society_maps/lahore/eden_canal_villas-1963/
Eden City,/society_maps/lahore/eden_city-236/
Eden Cottage 1,/society_maps/lahore/eden_cottage_1-1940/
Eden Cottages 2,/society_maps/lahore/eden_cottages_2-3364/
Eden Defence Villas,/society_maps/lahore/eden_defence_villas-2880/
Eden Gardens,/society_maps/lahore/eden_gardens-1209/
Eden Gardens Extension,/society_maps/lahore/eden_gardens_extension-4339/
Eden Lane Villas 1,/society_maps/lahore/eden_lane_villas_1-836/
Eden Lane Villas 2,/society_maps/lahore/eden_lane_villas_2-2185/
Eden Palace Villas,/society_maps/lahore/eden_palace_villas-2186/
Eden Park,/society_maps/lahore/eden_park-227/
Eden Residencia,/society_maps/lahore/eden_residencia-259/
Eden Value Homes,/society_maps/lahore/eden_value_homes-1992/
Eden Villas,/society_maps/lahore/eden_villas-3017/
Edenabad Extension,/society_maps/lahore/edenabad_extension-4348/
Edenabad Extension 1,/society_maps/lahore/edenabad_extension_1-4373/
Education Town,/society_maps/lahore/education_town-2498/
Elite Town,/society_maps/lahore/elite_town-248/
EME Society,/society_maps/lahore/eme_society-48/
Etihad Town,/society_maps/lahore/etihad_town-1645/
Evergreen Housing Scheme,/society_maps/lahore/evergreen_housing_scheme-1212/
Excise & Taxation Housing Scheme,/society_maps/lahore/excise_&_taxation_housing_scheme-2502/
Faisal Town,/society_maps/lahore/faisal_town-47/
Farid Kot House,/society_maps/lahore/farid_kot_house-4634/
Farooq Avenue,/society_maps/lahore/farooq_avenue-3365/
Fazaia Housing Scheme,/society_maps/lahore/fazaia_housing_scheme-50/
Fazlia Colony,/society_maps/lahore/fazlia_colony-2370/
Firdous Colony,/society_maps/lahore/firdous_colony-3325/
Formanites Housing Scheme,/society_maps/lahore/formanites_housing_scheme-250/
Fort Villas,/society_maps/lahore/fort_villas-2482/
Garden Town,/society_maps/lahore/garden_town-42/
GCP Housing Scheme,/society_maps/lahore/gcp_housing_scheme-242/
Ghalib Colony,/society_maps/lahore/ghalib_colony-6034/
Ghaus Farm Housing Scheme,/society_maps/lahore/ghaus_farm_housing_scheme-4635/
Ghausia Colony Cantt,/society_maps/lahore/ghausia_colony_cantt-2146/
Ghosia Colony,/society_maps/lahore/ghosia_colony-2559/
Golf View Lane,/society_maps/lahore/golf_view_lane-2948/
Golf View Residencia,/society_maps/lahore/golf_view_residencia-985/
GOR 2,/society_maps/lahore/gor_2-2201/
GOR 3,/society_maps/lahore/gor_3-2202/
GOR 4,/society_maps/lahore/gor_4-2203/
GOR 5,/society_maps/lahore/gor_5-2204/
Gosha-e-Ahbab,/society_maps/lahore/gosha_e_ahbab-222/
Government Superior Services,/society_maps/lahore/government_superior_services-774/
Government Transport Headquarters Cooperative Housing Society,/society_maps/lahore/government_transport_headquarters_cooperative_housing_society-1949/
Govt Officers Cooperative Housing Society,/society_maps/lahore/govt_officers_cooperative_housing_society-218/
Grand Avenues Housing Scheme,/society_maps/lahore/grand_avenues_housing_scheme-1241/
Green Acres Housing Society,/society_maps/lahore/green_acres_housing_society-279/
Green Avenue Housing Society,/society_maps/lahore/green_avenue_housing_society-804/
Green Cap Housing Society,/society_maps/lahore/green_cap_housing_society-2800/
Green City,/society_maps/lahore/green_city-835/
Green Forts 1,/society_maps/lahore/green_forts_1-2209/
Green Forts 2,/society_maps/lahore/green_forts_2-805/
Green Forts 4,/society_maps/lahore/green_forts_4-1229/
Green Park Society,/society_maps/lahore/green_park_society-2957/
Green Town Sector D2,/society_maps/lahore/green_town_sector_d2-1666/
Gujjar Colony,/society_maps/lahore/gujjar_colony-806/
Gujjarpura,/society_maps/lahore/gujjarpura-1965/
Gul Afshan Society,/society_maps/lahore/gul_afshan_society-3372/
Gul-e-Damin,/society_maps/lahore/gul_e_damin-260/
Gulbahar Colony,/society_maps/lahore/gulbahar_colony-264/
Gulberg,/society_maps/lahore/gulberg-43/
Gulberg 1,/society_maps/lahore/gulberg_1-2210/
Gulberg 2,/society_maps/lahore/gulberg_2-2211/
Gulberg 3,/society_maps/lahore/gulberg_3-2214/
Gulberg 4,/society_maps/lahore/gulberg_4-864/
Gulberg 5,/society_maps/lahore/gulberg_5-2217/
Guldasht Town,/society_maps/lahore/guldasht_town-1969/
Gulfishan Colony,/society_maps/lahore/gulfishan_colony-3131/
Gulfishan Town,/society_maps/lahore/gulfishan_town-2990/
Gulistan Colony,/society_maps/lahore/gulistan_colony-2538/
Gulshan Ali Colony,/society_maps/lahore/gulshan_ali_colony-2021/
Gulshan Colony,/society_maps/lahore/gulshan_colony-2524/
Gulshan View Residence Society,/society_maps/lahore/gulshan_view_residence_society-2943/
Gulshan-e-Ahbab,/society_maps/lahore/gulshan_e_ahbab-807/
Gulshan-e-Aiwan Housing Society,/society_maps/lahore/gulshan_e_aiwan_housing_society-786/
Gulshan-e-Jinnah,/society_maps/lahore/gulshan_e_jinnah-2552/
Gulshan-e-Lahore,/society_maps/lahore/gulshan_e_lahore-295/
Gulshan-E-Madina,/society_maps/lahore/gulshan_e_madina-3212/
Gulshan-E-Mustafa Housing Society,/society_maps/lahore/gulshan_e_mustafa_housing_society-2881/
Gulshan-e-Ravi,/society_maps/lahore/gulshan_e_ravi-251/
Gulshan-e-Ravi - Civic Centre,/society_maps/lahore/gulshan_e_ravi_civic_centre-4349/
Gulshan-e-Sardar Housing Scheme,/society_maps/lahore/gulshan_e_sardar_housing_scheme-3377/
Gulzaib Colony,/society_maps/lahore/gulzaib_colony-3179/
Habib Homes,/society_maps/lahore/habib_homes-3061/
Haji Park Housing Scheme,/society_maps/lahore/haji_park_housing_scheme-817/
Hajveri Town,/society_maps/lahore/hajveri_town-1553/
Hamdan Life Society,/society_maps/lahore/hamdan_life_society-1742/
Hamza Town,/society_maps/lahore/hamza_town-379/
Hanjarwal,/society_maps/lahore/hanjarwal-3162/
HBFC Housing Society,/society_maps/lahore/hbfc_housing_society-53/
Husnainabad,/society_maps/lahore/husnainabad-2148/
Ichhra,/society_maps/lahore/ichhra-1925/
Icon Homes,/society_maps/lahore/icon_homes-1620/
Ideal Homes,/society_maps/lahore/ideal_homes-3379/
Immad Garden Housing Scheme,/society_maps/lahore/immad_garden_housing_scheme-208/
Imperial Garden Homes,/society_maps/lahore/imperial_garden_homes-640/
Inmol Society,/society_maps/lahore/inmol_society-858/
International City Country Homes,/society_maps/lahore/international_city_country_homes-1319/
Iqbal Colony,/society_maps/lahore/iqbal_colony-2531/
Iqbal Garden,/society_maps/lahore/iqbal_garden-6125/
Iqbal Park,/society_maps/lahore/iqbal_park-1943/
Irrigation Colony,/society_maps/lahore/irrigation_colony-2501/
Irum Garden Housing Society,/society_maps/lahore/irum_garden_housing_society-3008/
Islam Nagar,/society_maps/lahore/islam_nagar-3163/
Islamabad Colony,/society_maps/lahore/islamabad_colony-6088/
Ittehad Colony,/society_maps/lahore/ittehad_colony-2545/
Ittifaq Town,/society_maps/lahore/ittifaq_town-1938/
Izmir Town,/society_maps/lahore/izmir_town-44/
Izmir Town Extension,/society_maps/lahore/izmir_town_extension-862/
Jaffar Town,/society_maps/lahore/jaffar_town-243/
Jaffaria Colony,/society_maps/lahore/jaffaria_colony-2547/
Jamil Town,/society_maps/lahore/jamil_town-2548/
Jewa Town,/society_maps/lahore/jewa_town-787/
Jewan Mal,/society_maps/lahore/jewan_mal-4641/
Jinnah Colony,/society_maps/lahore/jinnah_colony-3097/
Jinnah Park,/society_maps/lahore/jinnah_park-3380/
Johar Town,/society_maps/lahore/johar_town-1354/
Jubilee Town,/society_maps/lahore/jubilee_town-846/
Jubilee Town - Commercial Area,/society_maps/lahore/jubilee_town_commercial_area-4099/
Judicial Colony,/society_maps/lahore/judicial_colony-265/
Kakezai Housing Society,/society_maps/lahore/kakezai_housing_society-788/
Karamabad,/society_maps/lahore/karamabad-3426/
Kausar Colony,/society_maps/lahore/kausar_colony-3996/
KEMC Housing Society,/society_maps/lahore/kemc_housing_society-1782/
Khayaban-e-Amin,/society_maps/lahore/khayaban_e_amin-845/
Khayaban-e-Quaid,/society_maps/lahore/khayaban_e_quaid-3094/
Khuda Buksh Colony,/society_maps/lahore/khuda_buksh_colony-2149/
Kings Town,/society_maps/lahore/kings_town-1689/
Labor Colony,/society_maps/lahore/labor_colony-3066/
Lahore Avenue,/society_maps/lahore/lahore_avenue-850/
Lahore Greenz,/society_maps/lahore/lahore_greenz-4154/
Lahore Motorway City,/society_maps/lahore/lahore_motorway_city-211/
Lahore Smart City,/society_maps/lahore/lahore_smart_city-1904/
Lake City,/society_maps/lahore/lake_city-854/
Lalazaar Garden,/society_maps/lahore/lalazaar_garden-3001/
Land Breeze Housing Society,/society_maps/lahore/land_breeze_housing_society-863/
Larechs Colony,/society_maps/lahore/larechs_colony-3230/
LDA Avenue,/society_maps/lahore/lda_avenue-49/
LDA City,/society_maps/lahore/lda_city-1586/
LDA Colony,/society_maps/lahore/lda_colony-3382/
LDA Quarters,/society_maps/lahore/lda_quarters-3383/
Aabpara Coop Housing Society,/society_maps/lahore/aabpara_coop_housing_society-811/
Abdalians Cooperative Housing Society,/society_maps/lahore/abdalians_cooperative_housing_society-238/
Abdullah Town,/society_maps/lahore/abdullah_town-3337/
Abid City,/society_maps/lahore/abid_city-1010/
Abuzar Housing Scheme,/society_maps/lahore/abuzar_housing_scheme-1011/
Adams Housing Scheme,/society_maps/lahore/lahore_garden_housing_scheme-1731/
Aftab Garden,/society_maps/lahore/aftab_garden-812/
Agrics Town,/society_maps/lahore/agrics_town-2519/
Ahmad Avenue,/society_maps/lahore/ahmad_avenue-2517/
Ahmad Housing Society,/society_maps/lahore/ahmad_housing_society-1205/
AIMC Residential Colony,/society_maps/lahore/aimc_residential_colony-3356/
Airline Housing Society,/society_maps/lahore/airline_housing_society-239/
Aitchison Society,/society_maps/lahore/aitchison_society-2520/
Akram Abad,/society_maps/lahore/akram_abad-4179/
Al Hafeez Gardens,/society_maps/lahore/al_hafeez_gardens-2883/
Al Hamra Town,/society_maps/lahore/al_hamra_town-240/
Al Haram City,/society_maps/lahore/al_haram_city-5274/
Al Haram Garden,/society_maps/lahore/al_haram_garden-2950/
Al Jalil Garden,/society_maps/lahore/al_jalil_garden-1236/
Al Jannat Homes,/society_maps/lahore/al_jannat_homes-3037/
Al Jannat Housing Scheme,/society_maps/lahore/al_jannat_housing_scheme-857/
Al Kareem Garden,/society_maps/lahore/al_kareem_garden-809/
Al Madina Avenue,/society_maps/lahore/al_madina_avenue-815/
Al Noor Park Housing Society,/society_maps/lahore/al_noor_park_housing_society-3357/
Al Rahim Homes,/society_maps/lahore/al_rahim_homes-2852/
Al Raziq Garden,/society_maps/lahore/al_raziq_garden-1688/
Al-Ahmad Garden Housing Scheme,/society_maps/lahore/al_ahmad_garden_housing_scheme-2985/
Al-Amin Housing Society,/society_maps/lahore/al_amin_housing_society-2480/
Al-Ghani Garden,/society_maps/lahore/al_ghani_garden-1687/
Al-Hadi Garden,/society_maps/lahore/al_hadi_garden-3011/
Al-Hamd Gardens,/society_maps/lahore/al_hamd_gardens-1833/
Al-Kareem Premier Housing Scheme,/society_maps/lahore/al_kareem_premier_housing_scheme-3080/
Al-Mava Housing Scheme,/society_maps/lahore/al_mava_housing_scheme-1211/
Al-Noor Orchard,/society_maps/lahore/al_noor_orchard-1393/
Al-Qayyum Garden,/society_maps/lahore/al_qayyum_garden-1446/
Al-Rehmat Housing,/society_maps/lahore/al_rehmat_housing-1230/
Al-Wahab Garden - Phase 1,/society_maps/lahore/al_wahab_garden_phase_1-3129/
Ali Park,/society_maps/lahore/ali_park-2022/
Ali Town,/society_maps/lahore/ali_town-285/
Ali View Garden,/society_maps/lahore/ali_view_garden-2887/
Alia Town,/society_maps/lahore/alia_town-1370/
Allama Iqbal Town,/society_maps/lahore/allama_iqbal_town-23/
Alpha Society,/society_maps/lahore/alpha_society-221/
Aman Town,/society_maps/lahore/aman_town-803/
Amina Park,/society_maps/lahore/amina_park-3178/
Angoori Bagh Scheme 1,/society_maps/lahore/angoori_bagh_scheme_1-2539/
Angoori Bagh Scheme 1 - Block A,/society_maps/lahore/angoori_bagh_scheme_1_block_a-3360/
Anwar Town,/society_maps/lahore/anwar_town-3361/
Architects Engineers Housing Society,/society_maps/lahore/architects_engineers_housing_society-241/
Arya Nagar,/society_maps/lahore/arya_nagar-3362/
Ashiana-e-Quaid Housing Scheme,/society_maps/lahore/ashiana_e_quaid_housing_scheme-2550/
Ashrafi Town,/society_maps/lahore/ashrafi_town-217/
Askari 10,/society_maps/lahore/askari_10-27/
Askari 11,/society_maps/lahore/askari_11-1346/
Askari 11,/society_maps/lahore/askari_11-28/
Askari 9,/society_maps/lahore/askari_9-26/
Atomic Energy Society - PAEC,/society_maps/lahore/atomic_energy_society_paec-288/
Avicenna City,/society_maps/lahore/avicenna_city-823/
Awami Colony,/society_maps/lahore/awami_colony-6127/
Awan Town,/society_maps/lahore/awan_town-2484/
Awasia Housing Society,/society_maps/lahore/awasia_housing_society-270/
Azam Gardens,/society_maps/lahore/azam_gardens-2500/
Azizia Town,/society_maps/lahore/azizia_town-1372/
Badduke,/society_maps/lahore/badduke-852/
Bagh Gul Begum,/society_maps/lahore/bagh_gul_begum-3320/
Bagh-e-Iram Housing Society,/society_maps/lahore/bagh_e_iram_housing_society-2853/
Bahar Colony,/society_maps/lahore/bahar_colony-3033/
Bahria Education & Medical City,/society_maps/lahore/bahria_education_&_medical_city-784/
Bahria Nasheman,/society_maps/lahore/bahria_nasheman-230/
Bahria Nasheman - Iris,/society_maps/lahore/bahria_nasheman_iris-2542/
Bahria Nasheman - Sunflower,/society_maps/lahore/bahria_nasheman_sunflower-2543/
Bahria Nasheman - Zinia,/society_maps/lahore/bahria_nasheman_zinia-1922/
Bahria Orchard,/society_maps/lahore/bahria_orchard-832/
Bahria Town,/society_maps/lahore/bahria_town-833/
Bahria Town - Overseas Enclave,/society_maps/lahore/bahria_town_overseas_enclave-2009/
Bandian Wala,/society_maps/lahore/bandian_wala-3577/
Bankers Avenue Cooperative Housing Society,/society_maps/lahore/bankers_avenue_cooperative_housing_society-2850/
Bankers Co-operative Housing Society,/society_maps/lahore/bankers_co_operative_housing_society-834/
Barkat Market,/society_maps/lahore/barkat_market-2200/
Bata Officer Colony,/society_maps/lahore/bata_officer_colony-3199/
Beacon House Society,/society_maps/lahore/beacon_house_society-214/
Bhatti Colony,/society_maps/lahore/bhatti_colony-2518/
Bilal Gunj,/society_maps/lahore/bilal_gunj-2493/
Bismillah Housing Scheme,/society_maps/lahore/bismillah_housing_scheme-1550/
BOR - Board of Revenue Housing Society,/society_maps/lahore/bor_board_of_revenue_housing_society-1713/
Canal Burg,/society_maps/lahore/canal_burg-2949/
Canal Fort II,/society_maps/lahore/canal_fort_ii-2993/
Canal Garden,/society_maps/lahore/canal_garden-758/
Canal Park,/society_maps/lahore/canal_park-2854/
Canal Valley,/society_maps/lahore/canal_valley-1740/
Canal View,/society_maps/lahore/canal_view-41/
Cavalry Ground,/society_maps/lahore/cavalry_ground-249/
Cavalry Ground,/society_maps/lahore/cavalry_ground-40/
Central Park Housing Scheme,/society_maps/lahore/central_park_housing_scheme-257/
Chahal Homes,/society_maps/lahore/chahal_homes-1373/
Chauburji Quarters,/society_maps/lahore/chauburji_quarters-3363/
Chaudhary Colony,/society_maps/lahore/chaudhary_colony-6033/
China Scheme,/society_maps/lahore/china_scheme-2554/
Chinar Bagh,/society_maps/lahore/chinar_bagh-844/
Chinar Court,/society_maps/lahore/chinar_court-215/
Christian Colony,/society_maps/lahore/christian_colony-2526/
Civil Defence,/society_maps/lahore/civil_defence-2970/
CMA Colony,/society_maps/lahore/cma_colony-1991/
Combo Colony,/society_maps/lahore/combo_colony-2544/
Cricketer Villas,/society_maps/lahore/cricketer_villas-2925/
Dawood Residency Housing Scheme,/society_maps/lahore/dawood_residency_housing_scheme-1014/
DHA 9 Town,/society_maps/lahore/dha_9_town-54/
DHA Defence,/society_maps/lahore/dha_defence-37/
Dilkusha Gardens,/society_maps/lahore/dilkusha_gardens-1369/
Divine Gardens,/society_maps/lahore/divine_gardens-1350/
Divine Homes,/society_maps/lahore/divine_homes-3307/
Doctors Housing Society,/society_maps/lahore/doctors_housing_society-286/
Dream Avenue Lahore,/society_maps/lahore/dream_avenue_lahore-856/
Dream Gardens,/society_maps/lahore/dream_gardens-1008/
Dream Housing Society,/society_maps/lahore/dream_housing_society-1706/
Dream Villas,/society_maps/lahore/dream_villas-3088/
Eden Avenue,/society_maps/lahore/eden_avenue-1924/
Eden Avenue Extension,/society_maps/lahore/eden_avenue_extension-2918/
Eden Canal Villas,/society_maps/lahore/eden_canal_villas-1963/
Eden City,/society_maps/lahore/eden_city-236/
Eden Cottage 1,/society_maps/lahore/eden_cottage_1-1940/
Eden Cottages 2,/society_maps/lahore/eden_cottages_2-3364/
Eden Defence Villas,/society_maps/lahore/eden_defence_villas-2880/
Eden Gardens,/society_maps/lahore/eden_gardens-1209/
Eden Gardens Extension,/society_maps/lahore/eden_gardens_extension-4339/
Eden Lane Villas 1,/society_maps/lahore/eden_lane_villas_1-836/
Eden Lane Villas 2,/society_maps/lahore/eden_lane_villas_2-2185/
Eden Palace Villas,/society_maps/lahore/eden_palace_villas-2186/
Eden Park,/society_maps/lahore/eden_park-227/
Eden Residencia,/society_maps/lahore/eden_residencia-259/
Eden Value Homes,/society_maps/lahore/eden_value_homes-1992/
Eden Villas,/society_maps/lahore/eden_villas-3017/
Edenabad Extension,/society_maps/lahore/edenabad_extension-4348/
Edenabad Extension 1,/society_maps/lahore/edenabad_extension_1-4373/
Education Town,/society_maps/lahore/education_town-2498/
Elite Town,/society_maps/lahore/elite_town-248/
EME Society,/society_maps/lahore/eme_society-48/
Etihad Town,/society_maps/lahore/etihad_town-1645/
Evergreen Housing Scheme,/society_maps/lahore/evergreen_housing_scheme-1212/
Excise & Taxation Housing Scheme,/society_maps/lahore/excise_&_taxation_housing_scheme-2502/
Faisal Town,/society_maps/lahore/faisal_town-47/
Farid Kot House,/society_maps/lahore/farid_kot_house-4634/
Farooq Avenue,/society_maps/lahore/farooq_avenue-3365/
Fazaia Housing Scheme,/society_maps/lahore/fazaia_housing_scheme-50/
Fazlia Colony,/society_maps/lahore/fazlia_colony-2370/
Firdous Colony,/society_maps/lahore/firdous_colony-3325/
Formanites Housing Scheme,/society_maps/lahore/formanites_housing_scheme-250/
Fort Villas,/society_maps/lahore/fort_villas-2482/
Garden Town,/society_maps/lahore/garden_town-42/
GCP Housing Scheme,/society_maps/lahore/gcp_housing_scheme-242/
Ghalib Colony,/society_maps/lahore/ghalib_colony-6034/
Ghaus Farm Housing Scheme,/society_maps/lahore/ghaus_farm_housing_scheme-4635/
Ghausia Colony Cantt,/society_maps/lahore/ghausia_colony_cantt-2146/
Ghosia Colony,/society_maps/lahore/ghosia_colony-2559/
Golf View Lane,/society_maps/lahore/golf_view_lane-2948/
Golf View Residencia,/society_maps/lahore/golf_view_residencia-985/
GOR 2,/society_maps/lahore/gor_2-2201/
GOR 3,/society_maps/lahore/gor_3-2202/
GOR 4,/society_maps/lahore/gor_4-2203/
GOR 5,/society_maps/lahore/gor_5-2204/
Gosha-e-Ahbab,/society_maps/lahore/gosha_e_ahbab-222/
Government Superior Services,/society_maps/lahore/government_superior_services-774/
Government Transport Headquarters Cooperative Housing Society,/society_maps/lahore/government_transport_headquarters_cooperative_housing_society-1949/
Govt Officers Cooperative Housing Society,/society_maps/lahore/govt_officers_cooperative_housing_society-218/
Grand Avenues Housing Scheme,/society_maps/lahore/grand_avenues_housing_scheme-1241/
Green Acres Housing Society,/society_maps/lahore/green_acres_housing_society-279/
Green Avenue Housing Society,/society_maps/lahore/green_avenue_housing_society-804/
Green Cap Housing Society,/society_maps/lahore/green_cap_housing_society-2800/
Green City,/society_maps/lahore/green_city-835/
Green Forts 1,/society_maps/lahore/green_forts_1-2209/
Green Forts 2,/society_maps/lahore/green_forts_2-805/
Green Forts 4,/society_maps/lahore/green_forts_4-1229/
Green Park Society,/society_maps/lahore/green_park_society-2957/
Green Town Sector D2,/society_maps/lahore/green_town_sector_d2-1666/
Gujjar Colony,/society_maps/lahore/gujjar_colony-806/
Gujjarpura,/society_maps/lahore/gujjarpura-1965/
Gul Afshan Society,/society_maps/lahore/gul_afshan_society-3372/
Gul-e-Damin,/society_maps/lahore/gul_e_damin-260/
Gulbahar Colony,/society_maps/lahore/gulbahar_colony-264/
Gulberg,/society_maps/lahore/gulberg-43/
Gulberg 1,/society_maps/lahore/gulberg_1-2210/
Gulberg 2,/society_maps/lahore/gulberg_2-2211/
Gulberg 3,/society_maps/lahore/gulberg_3-2214/
Gulberg 4,/society_maps/lahore/gulberg_4-864/
Gulberg 5,/society_maps/lahore/gulberg_5-2217/
Guldasht Town,/society_maps/lahore/guldasht_town-1969/
Gulfishan Colony,/society_maps/lahore/gulfishan_colony-3131/
Gulfishan Town,/society_maps/lahore/gulfishan_town-2990/
Gulistan Colony,/society_maps/lahore/gulistan_colony-2538/
Gulshan Ali Colony,/society_maps/lahore/gulshan_ali_colony-2021/
Gulshan Colony,/society_maps/lahore/gulshan_colony-2524/
Gulshan View Residence Society,/society_maps/lahore/gulshan_view_residence_society-2943/
Gulshan-e-Ahbab,/society_maps/lahore/gulshan_e_ahbab-807/
Gulshan-e-Aiwan Housing Society,/society_maps/lahore/gulshan_e_aiwan_housing_society-786/
Gulshan-e-Jinnah,/society_maps/lahore/gulshan_e_jinnah-2552/
Gulshan-e-Lahore,/society_maps/lahore/gulshan_e_lahore-295/
Gulshan-E-Madina,/society_maps/lahore/gulshan_e_madina-3212/
Gulshan-E-Mustafa Housing Society,/society_maps/lahore/gulshan_e_mustafa_housing_society-2881/
Gulshan-e-Ravi,/society_maps/lahore/gulshan_e_ravi-251/
Gulshan-e-Ravi - Civic Centre,/society_maps/lahore/gulshan_e_ravi_civic_centre-4349/
Gulshan-e-Sardar Housing Scheme,/society_maps/lahore/gulshan_e_sardar_housing_scheme-3377/
Gulzaib Colony,/society_maps/lahore/gulzaib_colony-3179/
Habib Homes,/society_maps/lahore/habib_homes-3061/
Haji Park Housing Scheme,/society_maps/lahore/haji_park_housing_scheme-817/
Hajveri Town,/society_maps/lahore/hajveri_town-1553/
Hamdan Life Society,/society_maps/lahore/hamdan_life_society-1742/
Hamza Town,/society_maps/lahore/hamza_town-379/
Hanjarwal,/society_maps/lahore/hanjarwal-3162/
HBFC Housing Society,/society_maps/lahore/hbfc_housing_society-53/
Husnainabad,/society_maps/lahore/husnainabad-2148/
Ichhra,/society_maps/lahore/ichhra-1925/
Icon Homes,/society_maps/lahore/icon_homes-1620/
Ideal Homes,/society_maps/lahore/ideal_homes-3379/
Immad Garden Housing Scheme,/society_maps/lahore/immad_garden_housing_scheme-208/
Imperial Garden Homes,/society_maps/lahore/imperial_garden_homes-640/
Inmol Society,/society_maps/lahore/inmol_society-858/
International City Country Homes,/society_maps/lahore/international_city_country_homes-1319/
Iqbal Colony,/society_maps/lahore/iqbal_colony-2531/
Iqbal Garden,/society_maps/lahore/iqbal_garden-6125/
Iqbal Park,/society_maps/lahore/iqbal_park-1943/
Irrigation Colony,/society_maps/lahore/irrigation_colony-2501/
Irum Garden Housing Society,/society_maps/lahore/irum_garden_housing_society-3008/
Islam Nagar,/society_maps/lahore/islam_nagar-3163/
Islamabad Colony,/society_maps/lahore/islamabad_colony-6088/
Ittehad Colony,/society_maps/lahore/ittehad_colony-2545/
Ittifaq Town,/society_maps/lahore/ittifaq_town-1938/
Izmir Town,/society_maps/lahore/izmir_town-44/
Izmir Town Extension,/society_maps/lahore/izmir_town_extension-862/
Jaffar Town,/society_maps/lahore/jaffar_town-243/
Jaffaria Colony,/society_maps/lahore/jaffaria_colony-2547/
Jamil Town,/society_maps/lahore/jamil_town-2548/
Jewa Town,/society_maps/lahore/jewa_town-787/
Jewan Mal,/society_maps/lahore/jewan_mal-4641/
Jinnah Colony,/society_maps/lahore/jinnah_colony-3097/
Jinnah Park,/society_maps/lahore/jinnah_park-3380/
Johar Town,/society_maps/lahore/johar_town-1354/
Jubilee Town,/society_maps/lahore/jubilee_town-846/
Jubilee Town - Commercial Area,/society_maps/lahore/jubilee_town_commercial_area-4099/
Judicial Colony,/society_maps/lahore/judicial_colony-265/
Kakezai Housing Society,/society_maps/lahore/kakezai_housing_society-788/
Karamabad,/society_maps/lahore/karamabad-3426/
Kausar Colony,/society_maps/lahore/kausar_colony-3996/
KEMC Housing Society,/society_maps/lahore/kemc_housing_society-1782/
Khayaban-e-Amin,/society_maps/lahore/khayaban_e_amin-845/
Khayaban-e-Quaid,/society_maps/lahore/khayaban_e_quaid-3094/
Khuda Buksh Colony,/society_maps/lahore/khuda_buksh_colony-2149/
Kings Town,/society_maps/lahore/kings_town-1689/
Labor Colony,/society_maps/lahore/labor_colony-3066/
Lahore Avenue,/society_maps/lahore/lahore_avenue-850/
Lahore Greenz,/society_maps/lahore/lahore_greenz-4154/
Lahore Motorway City,/society_maps/lahore/lahore_motorway_city-211/
Lahore Smart City,/society_maps/lahore/lahore_smart_city-1904/
Lake City,/society_maps/lahore/lake_city-854/
Lalazaar Garden,/society_maps/lahore/lalazaar_garden-3001/
Land Breeze Housing Society,/society_maps/lahore/land_breeze_housing_society-863/
Larechs Colony,/society_maps/lahore/larechs_colony-3230/
LDA Avenue,/society_maps/lahore/lda_avenue-49/
LDA City,/society_maps/lahore/lda_city-1586/
LDA Colony,/society_maps/lahore/lda_colony-3382/
LDA Quarters,/society_maps/lahore/lda_quarters-3383/
Madina Colony,/society_maps/lahore/madina_colony-2522/
Madni Gardens Housing Scheme,/society_maps/lahore/madni_gardens_housing_scheme-1588/
Main Market,/society_maps/lahore/main_market-2218/
Makkah Colony,/society_maps/lahore/makkah_colony-2537/
Mansoora Homes,/society_maps/lahore/mansoora_homes-3384/
Mansoorah,/society_maps/lahore/mansoorah-2499/
Marghzar Officers Colony,/society_maps/lahore/marghzar_officers_colony-198/
Maryam Town,/society_maps/lahore/maryam_town-1324/
Mateen Avenue,/society_maps/lahore/mateen_avenue-2479/
Mateen Garden,/society_maps/lahore/mateen_garden-3385/
Mehal Avenue,/society_maps/lahore/mehal_avenue-6094/
Mehrabad,/society_maps/lahore/mehrabad-3109/
MET 1,/society_maps/lahore/met_1-3386/
MET 2,/society_maps/lahore/met_2-3387/
Mian Amiruddin Park,/society_maps/lahore/mian_amiruddin_park-2999/
Mian Mir Colony,/society_maps/lahore/mian_mir_colony-2536/
Midcity,/society_maps/lahore/mid_city-1714/
Military Accounts Housing Society,/society_maps/lahore/military_accounts_housing_society-261/
Millat Colony,/society_maps/lahore/millat_colony-2533/
Millat Tractors Employees Housing Society,/society_maps/lahore/millat_tractors_employees_housing_society-1216/
Model City Housing Scheme,/society_maps/lahore/model_city-1589/
Model Colony,/society_maps/lahore/model_colony-3024/
Model Town,/society_maps/lahore/model_town-34/
Mohlanwal Scheme,/society_maps/lahore/mohlanwal_scheme-829/
Moon Villas,/society_maps/lahore/moon_villas-3169/
Muhammadpura,/society_maps/lahore/muhammadpura-3315/
Muqaddas Park,/society_maps/lahore/muqaddas_park-2998/
Mushtaq Park - Phase 3,/society_maps/lahore/mushtaq_park_phase_3-821/
Muslim Gunj,/society_maps/lahore/muslim_gunj-2535/
Muslim Nagar Housing Scheme,/society_maps/lahore/muslim_nagar_housing_scheme-228/
Muslim Town,/society_maps/lahore/muslim_town-35/
Mustafa Garden Phase 3,/society_maps/lahore/mustafa_garden_phase_3-1694/
Mustafa Town,/society_maps/lahore/mustafa_town-268/
Nagina Homes,/society_maps/lahore/nagina_homes-3189/
National Homes,/society_maps/lahore/national_homes-1576/
Nawab Town,/society_maps/lahore/nawab_town-275/
Nawaz Sharif Colony,/society_maps/lahore/nawaz_sharif_colony-2523/
Nayyab Villas,/society_maps/lahore/nayyab_villas-2528/
Naz Town,/society_maps/lahore/naz_town-296/
Nazir Garden Society,/society_maps/lahore/nazir_garden_society-2494/
NB Villas,/society_maps/lahore/nb_villas-2481/
Nespak Housing Scheme,/society_maps/lahore/nespak_housing_scheme-287/
New Chauburji Park,/society_maps/lahore/new_chauburji_park-1955/
New Green City,/society_maps/lahore/new_green_city-3355/
New Iqbal Park Cantt,/society_maps/lahore/new_iqbal_park_cantt-2862/
New Kashmir Park Housing Scheme,/society_maps/lahore/new_kashmir_park_housing_scheme-849/
New Khan Colony,/society_maps/lahore/new_khan_colony-2525/
New Lahore City,/society_maps/lahore/zaitoon_new_lahore_city-1783/
New Muslim Town,/society_maps/lahore/new_muslim_town-269/
New Samanabad,/society_maps/lahore/new_samanabad-3388/
New Shah Kamal Colony,/society_maps/lahore/new_shah_kamal_colony-2546/
New Super Town,/society_maps/lahore/new_super_town-1944/
NFC 1,/society_maps/lahore/nfc_1-272/
NFC 2,/society_maps/lahore/nfc_2-86/
NFC 2 - Commercial Area,/society_maps/lahore/nfc_2_commercial_area-4362/
Nishat Colony,/society_maps/lahore/nishat_colony-1986/
Officer Colony,/society_maps/lahore/officer_colony-2995/
Olympians Cooperative Housing Society,/society_maps/lahore/olympians_cooperative_housing_society-642/
Omega Residencia,/society_maps/lahore/omega_residencia-1399/
OPF Housing Scheme,/society_maps/lahore/opf_housing_scheme-280/
P & D Housing Society,/society_maps/lahore/p_&_d_housing_society-252/
P&T Colony,/society_maps/lahore/p&t_colony-3389/
PAF Colony,/society_maps/lahore/paf_colony-3390/
PAF Falcon Complex,/society_maps/lahore/paf_falcon_complex-1356/
Pak Arab Enclave,/society_maps/lahore/pak_arab_enclave-824/
Pak Arab Housing Society,/society_maps/lahore/pak_arab_housing_society-32/
Pakistan Medical Housing Society,/society_maps/lahore/pakistan_medical_housing_society-307/
Pakki Thatti,/society_maps/lahore/pakki_thatti-6087/
Palm City,/society_maps/lahore/palm_city-1348/
Palm Villas,/society_maps/lahore/palm_villas-1727/
Paradise Apartment,/society_maps/lahore/paradise_apartment-3228/
Paradise Homes Super Town,/society_maps/lahore/paradise_homes_super_town-3391/
Paragon City,/society_maps/lahore/paragon_city-759/
Park Avenue Housing Scheme,/society_maps/lahore/park_avenue_housing_scheme-1345/
Park View City,/society_maps/lahore/park_view_city-291/
PASSCO Housing Society,/society_maps/lahore/passco_housing_society-830/
PCSIR Staff Colony,/society_maps/lahore/pcsir_staff_colony-262/
PIA Housing Scheme,/society_maps/lahore/pia_housing_scheme-281/
Pine Villas,/society_maps/lahore/pine_villas-1206/
Platinum Homes,/society_maps/lahore/platinum_homes-1812/
Prime Homes 1,/society_maps/lahore/prime_homes_1-848/
Prime Homes 2,/society_maps/lahore/prime_homes_2-847/
Public Health Society,/society_maps/lahore/public_health_society-859/
Punjab Coop Housing Society,/society_maps/lahore/punjab_coop_housing_society-33/
Punjab Government Servant Housing Foundation,/society_maps/lahore/punjab_govt_servant_society-290/
Punjab Small Industries Colony,/society_maps/lahore/punjab_small_industries_colony-2516/
Punjab University Employees Society,/society_maps/lahore/punjab_university_employees_society-289/
Qadri Colony,/society_maps/lahore/qadri_colony-6035/
Qasimpura,/society_maps/lahore/qasimpura-2147/
Qazi Town,/society_maps/lahore/qazi_town-2540/
Quaid-e-Azam Industrial Estate,/society_maps/lahore/quaid_e_azam_industrial_estate-2859/
Rail Town (Canal City),/society_maps/lahore/rail_town_(canal_city)-810/
Railway Colony,/society_maps/lahore/railway_colony-3232/
Railway Golf Avenue,/society_maps/lahore/railway_golf_avenue-4294/
Railway Shalimar Larechs Scheme,/society_maps/lahore/railway_shalimar_larechs_scheme-2301/
Railway Wireless Colony,/society_maps/lahore/railway_wireless_colony-2549/
Rajpoot Town,/society_maps/lahore/rajpoot_town-267/
Rasool Park,/society_maps/lahore/rasool_park-2978/
Real Cottages,/society_maps/lahore/real_cottages-2515/
Rehman City - Phase 4,/society_maps/lahore/rehman_city_phase_4-822/
Rehman City Phase 6,/society_maps/lahore/rehman_city_phase_6-3393/
Rehman Gardens,/society_maps/lahore/rehman_gardens-2553/
Rehman Housing Society,/society_maps/lahore/rehman_housing_society-2841/
Rehman Park,/society_maps/lahore/rehman_park-3009/
Rehman Villas,/society_maps/lahore/rehman_villas-2492/
Rewaz Garden,/society_maps/lahore/rewaz_garden-3394/
River Edge Housing Scheme,/society_maps/lahore/river_edge_housing_scheme-773/
River View Coop Housing Society,/society_maps/lahore/river_view_coop_housing_society-2503/
Rizwan Garden Scheme,/society_maps/lahore/rizwan_garden_scheme-2483/
Rose Garden,/society_maps/lahore/rose_garden-2971/
Royal Residencia,/society_maps/lahore/royal_residencia-2900/
Rustam Park,/society_maps/lahore/rustam_park-3000/
Aabpara Coop Housing Society,/society_maps/lahore/aabpara_coop_housing_society-811/
Abdalians Cooperative Housing Society,/society_maps/lahore/abdalians_cooperative_housing_society-238/
Abdullah Town,/society_maps/lahore/abdullah_town-3337/
Abid City,/society_maps/lahore/abid_city-1010/
Abuzar Housing Scheme,/society_maps/lahore/abuzar_housing_scheme-1011/
Adams Housing Scheme,/society_maps/lahore/lahore_garden_housing_scheme-1731/
Aftab Garden,/society_maps/lahore/aftab_garden-812/
Agrics Town,/society_maps/lahore/agrics_town-2519/
Ahmad Avenue,/society_maps/lahore/ahmad_avenue-2517/
Ahmad Housing Society,/society_maps/lahore/ahmad_housing_society-1205/
AIMC Residential Colony,/society_maps/lahore/aimc_residential_colony-3356/
Airline Housing Society,/society_maps/lahore/airline_housing_society-239/
Aitchison Society,/society_maps/lahore/aitchison_society-2520/
Akram Abad,/society_maps/lahore/akram_abad-4179/
Al Hafeez Gardens,/society_maps/lahore/al_hafeez_gardens-2883/
Al Hamra Town,/society_maps/lahore/al_hamra_town-240/
Al Haram City,/society_maps/lahore/al_haram_city-5274/
Al Haram Garden,/society_maps/lahore/al_haram_garden-2950/
Al Jalil Garden,/society_maps/lahore/al_jalil_garden-1236/
Al Jannat Homes,/society_maps/lahore/al_jannat_homes-3037/
Al Jannat Housing Scheme,/society_maps/lahore/al_jannat_housing_scheme-857/
Al Kareem Garden,/society_maps/lahore/al_kareem_garden-809/
Al Madina Avenue,/society_maps/lahore/al_madina_avenue-815/
Al Noor Park Housing Society,/society_maps/lahore/al_noor_park_housing_society-3357/
Al Rahim Homes,/society_maps/lahore/al_rahim_homes-2852/
Al Raziq Garden,/society_maps/lahore/al_raziq_garden-1688/
Al-Ahmad Garden Housing Scheme,/society_maps/lahore/al_ahmad_garden_housing_scheme-2985/
Al-Amin Housing Society,/society_maps/lahore/al_amin_housing_society-2480/
Al-Ghani Garden,/society_maps/lahore/al_ghani_garden-1687/
Al-Hadi Garden,/society_maps/lahore/al_hadi_garden-3011/
Al-Hamd Gardens,/society_maps/lahore/al_hamd_gardens-1833/
Al-Kareem Premier Housing Scheme,/society_maps/lahore/al_kareem_premier_housing_scheme-3080/
Al-Mava Housing Scheme,/society_maps/lahore/al_mava_housing_scheme-1211/
Al-Noor Orchard,/society_maps/lahore/al_noor_orchard-1393/
Al-Qayyum Garden,/society_maps/lahore/al_qayyum_garden-1446/
Al-Rehmat Housing,/society_maps/lahore/al_rehmat_housing-1230/
Al-Wahab Garden - Phase 1,/society_maps/lahore/al_wahab_garden_phase_1-3129/
Ali Park,/society_maps/lahore/ali_park-2022/
Ali Town,/society_maps/lahore/ali_town-285/
Ali View Garden,/society_maps/lahore/ali_view_garden-2887/
Alia Town,/society_maps/lahore/alia_town-1370/
Allama Iqbal Town,/society_maps/lahore/allama_iqbal_town-23/
Alpha Society,/society_maps/lahore/alpha_society-221/
Aman Town,/society_maps/lahore/aman_town-803/
Amina Park,/society_maps/lahore/amina_park-3178/
Angoori Bagh Scheme 1,/society_maps/lahore/angoori_bagh_scheme_1-2539/
Angoori Bagh Scheme 1 - Block A,/society_maps/lahore/angoori_bagh_scheme_1_block_a-3360/
Anwar Town,/society_maps/lahore/anwar_town-3361/
Architects Engineers Housing Society,/society_maps/lahore/architects_engineers_housing_society-241/
Arya Nagar,/society_maps/lahore/arya_nagar-3362/
Ashiana-e-Quaid Housing Scheme,/society_maps/lahore/ashiana_e_quaid_housing_scheme-2550/
Ashrafi Town,/society_maps/lahore/ashrafi_town-217/
Askari 10,/society_maps/lahore/askari_10-27/
Askari 11,/society_maps/lahore/askari_11-1346/
Askari 11,/society_maps/lahore/askari_11-28/
Askari 9,/society_maps/lahore/askari_9-26/
Atomic Energy Society - PAEC,/society_maps/lahore/atomic_energy_society_paec-288/
Avicenna City,/society_maps/lahore/avicenna_city-823/
Awami Colony,/society_maps/lahore/awami_colony-6127/
Awan Town,/society_maps/lahore/awan_town-2484/
Awasia Housing Society,/society_maps/lahore/awasia_housing_society-270/
Azam Gardens,/society_maps/lahore/azam_gardens-2500/
Azizia Town,/society_maps/lahore/azizia_town-1372/
Badduke,/society_maps/lahore/badduke-852/
Bagh Gul Begum,/society_maps/lahore/bagh_gul_begum-3320/
Bagh-e-Iram Housing Society,/society_maps/lahore/bagh_e_iram_housing_society-2853/
Bahar Colony,/society_maps/lahore/bahar_colony-3033/
Bahria Education & Medical City,/society_maps/lahore/bahria_education_&_medical_city-784/
Bahria Nasheman,/society_maps/lahore/bahria_nasheman-230/
Bahria Nasheman - Iris,/society_maps/lahore/bahria_nasheman_iris-2542/
Bahria Nasheman - Sunflower,/society_maps/lahore/bahria_nasheman_sunflower-2543/
Bahria Nasheman - Zinia,/society_maps/lahore/bahria_nasheman_zinia-1922/
Bahria Orchard,/society_maps/lahore/bahria_orchard-832/
Bahria Town,/society_maps/lahore/bahria_town-833/
Bahria Town - Overseas Enclave,/society_maps/lahore/bahria_town_overseas_enclave-2009/
Bandian Wala,/society_maps/lahore/bandian_wala-3577/
Bankers Avenue Cooperative Housing Society,/society_maps/lahore/bankers_avenue_cooperative_housing_society-2850/
Bankers Co-operative Housing Society,/society_maps/lahore/bankers_co_operative_housing_society-834/
Barkat Market,/society_maps/lahore/barkat_market-2200/
Bata Officer Colony,/society_maps/lahore/bata_officer_colony-3199/
Beacon House Society,/society_maps/lahore/beacon_house_society-214/
Bhatti Colony,/society_maps/lahore/bhatti_colony-2518/
Bilal Gunj,/society_maps/lahore/bilal_gunj-2493/
Bismillah Housing Scheme,/society_maps/lahore/bismillah_housing_scheme-1550/
BOR - Board of Revenue Housing Society,/society_maps/lahore/bor_board_of_revenue_housing_society-1713/
Canal Burg,/society_maps/lahore/canal_burg-2949/
Canal Fort II,/society_maps/lahore/canal_fort_ii-2993/
Canal Garden,/society_maps/lahore/canal_garden-758/
Canal Park,/society_maps/lahore/canal_park-2854/
Canal Valley,/society_maps/lahore/canal_valley-1740/
Canal View,/society_maps/lahore/canal_view-41/
Cavalry Ground,/society_maps/lahore/cavalry_ground-249/
Cavalry Ground,/society_maps/lahore/cavalry_ground-40/
Central Park Housing Scheme,/society_maps/lahore/central_park_housing_scheme-257/
Chahal Homes,/society_maps/lahore/chahal_homes-1373/
Chauburji Quarters,/society_maps/lahore/chauburji_quarters-3363/
Chaudhary Colony,/society_maps/lahore/chaudhary_colony-6033/
China Scheme,/society_maps/lahore/china_scheme-2554/
Chinar Bagh,/society_maps/lahore/chinar_bagh-844/
Chinar Court,/society_maps/lahore/chinar_court-215/
Christian Colony,/society_maps/lahore/christian_colony-2526/
Civil Defence,/society_maps/lahore/civil_defence-2970/
CMA Colony,/society_maps/lahore/cma_colony-1991/
Combo Colony,/society_maps/lahore/combo_colony-2544/
Cricketer Villas,/society_maps/lahore/cricketer_villas-2925/
Dawood Residency Housing Scheme,/society_maps/lahore/dawood_residency_housing_scheme-1014/
DHA 9 Town,/society_maps/lahore/dha_9_town-54/
DHA Defence,/society_maps/lahore/dha_defence-37/
Dilkusha Gardens,/society_maps/lahore/dilkusha_gardens-1369/
Divine Gardens,/society_maps/lahore/divine_gardens-1350/
Divine Homes,/society_maps/lahore/divine_homes-3307/
Doctors Housing Society,/society_maps/lahore/doctors_housing_society-286/
Dream Avenue Lahore,/society_maps/lahore/dream_avenue_lahore-856/
Dream Gardens,/society_maps/lahore/dream_gardens-1008/
Dream Housing Society,/society_maps/lahore/dream_housing_society-1706/
Dream Villas,/society_maps/lahore/dream_villas-3088/
Eden Avenue,/society_maps/lahore/eden_avenue-1924/
Eden Avenue Extension,/society_maps/lahore/eden_avenue_extension-2918/
Eden Canal Villas,/society_maps/lahore/eden_canal_villas-1963/
Eden City,/society_maps/lahore/eden_city-236/
Eden Cottage 1,/society_maps/lahore/eden_cottage_1-1940/
Eden Cottages 2,/society_maps/lahore/eden_cottages_2-3364/
Eden Defence Villas,/society_maps/lahore/eden_defence_villas-2880/
Eden Gardens,/society_maps/lahore/eden_gardens-1209/
Eden Gardens Extension,/society_maps/lahore/eden_gardens_extension-4339/
Eden Lane Villas 1,/society_maps/lahore/eden_lane_villas_1-836/
Eden Lane Villas 2,/society_maps/lahore/eden_lane_villas_2-2185/
Eden Palace Villas,/society_maps/lahore/eden_palace_villas-2186/
Eden Park,/society_maps/lahore/eden_park-227/
Eden Residencia,/society_maps/lahore/eden_residencia-259/
Eden Value Homes,/society_maps/lahore/eden_value_homes-1992/
Eden Villas,/society_maps/lahore/eden_villas-3017/
Edenabad Extension,/society_maps/lahore/edenabad_extension-4348/
Edenabad Extension 1,/society_maps/lahore/edenabad_extension_1-4373/
Education Town,/society_maps/lahore/education_town-2498/
Elite Town,/society_maps/lahore/elite_town-248/
EME Society,/society_maps/lahore/eme_society-48/
Etihad Town,/society_maps/lahore/etihad_town-1645/
Evergreen Housing Scheme,/society_maps/lahore/evergreen_housing_scheme-1212/
Excise & Taxation Housing Scheme,/society_maps/lahore/excise_&_taxation_housing_scheme-2502/
Faisal Town,/society_maps/lahore/faisal_town-47/
Farid Kot House,/society_maps/lahore/farid_kot_house-4634/
Farooq Avenue,/society_maps/lahore/farooq_avenue-3365/
Fazaia Housing Scheme,/society_maps/lahore/fazaia_housing_scheme-50/
Fazlia Colony,/society_maps/lahore/fazlia_colony-2370/
Firdous Colony,/society_maps/lahore/firdous_colony-3325/
Formanites Housing Scheme,/society_maps/lahore/formanites_housing_scheme-250/
Fort Villas,/society_maps/lahore/fort_villas-2482/
Garden Town,/society_maps/lahore/garden_town-42/
GCP Housing Scheme,/society_maps/lahore/gcp_housing_scheme-242/
Ghalib Colony,/society_maps/lahore/ghalib_colony-6034/
Ghaus Farm Housing Scheme,/society_maps/lahore/ghaus_farm_housing_scheme-4635/
Ghausia Colony Cantt,/society_maps/lahore/ghausia_colony_cantt-2146/
Ghosia Colony,/society_maps/lahore/ghosia_colony-2559/
Golf View Lane,/society_maps/lahore/golf_view_lane-2948/
Golf View Residencia,/society_maps/lahore/golf_view_residencia-985/
GOR 2,/society_maps/lahore/gor_2-2201/
GOR 3,/society_maps/lahore/gor_3-2202/
GOR 4,/society_maps/lahore/gor_4-2203/
GOR 5,/society_maps/lahore/gor_5-2204/
Gosha-e-Ahbab,/society_maps/lahore/gosha_e_ahbab-222/
Government Superior Services,/society_maps/lahore/government_superior_services-774/
Government Transport Headquarters Cooperative Housing Society,/society_maps/lahore/government_transport_headquarters_cooperative_housing_society-1949/
Govt Officers Cooperative Housing Society,/society_maps/lahore/govt_officers_cooperative_housing_society-218/
Grand Avenues Housing Scheme,/society_maps/lahore/grand_avenues_housing_scheme-1241/
Green Acres Housing Society,/society_maps/lahore/green_acres_housing_society-279/
Green Avenue Housing Society,/society_maps/lahore/green_avenue_housing_society-804/
Green Cap Housing Society,/society_maps/lahore/green_cap_housing_society-2800/
Green City,/society_maps/lahore/green_city-835/
Green Forts 1,/society_maps/lahore/green_forts_1-2209/
Green Forts 2,/society_maps/lahore/green_forts_2-805/
Green Forts 4,/society_maps/lahore/green_forts_4-1229/
Green Park Society,/society_maps/lahore/green_park_society-2957/
Green Town Sector D2,/society_maps/lahore/green_town_sector_d2-1666/
Gujjar Colony,/society_maps/lahore/gujjar_colony-806/
Gujjarpura,/society_maps/lahore/gujjarpura-1965/
Gul Afshan Society,/society_maps/lahore/gul_afshan_society-3372/
Gul-e-Damin,/society_maps/lahore/gul_e_damin-260/
Gulbahar Colony,/society_maps/lahore/gulbahar_colony-264/
Gulberg,/society_maps/lahore/gulberg-43/
Gulberg 1,/society_maps/lahore/gulberg_1-2210/
Gulberg 2,/society_maps/lahore/gulberg_2-2211/
Gulberg 3,/society_maps/lahore/gulberg_3-2214/
Gulberg 4,/society_maps/lahore/gulberg_4-864/
Gulberg 5,/society_maps/lahore/gulberg_5-2217/
Guldasht Town,/society_maps/lahore/guldasht_town-1969/
Gulfishan Colony,/society_maps/lahore/gulfishan_colony-3131/
Gulfishan Town,/society_maps/lahore/gulfishan_town-2990/
Gulistan Colony,/society_maps/lahore/gulistan_colony-2538/
Gulshan Ali Colony,/society_maps/lahore/gulshan_ali_colony-2021/
Gulshan Colony,/society_maps/lahore/gulshan_colony-2524/
Gulshan View Residence Society,/society_maps/lahore/gulshan_view_residence_society-2943/
Gulshan-e-Ahbab,/society_maps/lahore/gulshan_e_ahbab-807/
Gulshan-e-Aiwan Housing Society,/society_maps/lahore/gulshan_e_aiwan_housing_society-786/
Gulshan-e-Jinnah,/society_maps/lahore/gulshan_e_jinnah-2552/
Gulshan-e-Lahore,/society_maps/lahore/gulshan_e_lahore-295/
Gulshan-E-Madina,/society_maps/lahore/gulshan_e_madina-3212/
Gulshan-E-Mustafa Housing Society,/society_maps/lahore/gulshan_e_mustafa_housing_society-2881/
Gulshan-e-Ravi,/society_maps/lahore/gulshan_e_ravi-251/
Gulshan-e-Ravi - Civic Centre,/society_maps/lahore/gulshan_e_ravi_civic_centre-4349/
Gulshan-e-Sardar Housing Scheme,/society_maps/lahore/gulshan_e_sardar_housing_scheme-3377/
Gulzaib Colony,/society_maps/lahore/gulzaib_colony-3179/
Habib Homes,/society_maps/lahore/habib_homes-3061/
Haji Park Housing Scheme,/society_maps/lahore/haji_park_housing_scheme-817/
Hajveri Town,/society_maps/lahore/hajveri_town-1553/
Hamdan Life Society,/society_maps/lahore/hamdan_life_society-1742/
Hamza Town,/society_maps/lahore/hamza_town-379/
Hanjarwal,/society_maps/lahore/hanjarwal-3162/
HBFC Housing Society,/society_maps/lahore/hbfc_housing_society-53/
Husnainabad,/society_maps/lahore/husnainabad-2148/
Ichhra,/society_maps/lahore/ichhra-1925/
Icon Homes,/society_maps/lahore/icon_homes-1620/
Ideal Homes,/society_maps/lahore/ideal_homes-3379/
Immad Garden Housing Scheme,/society_maps/lahore/immad_garden_housing_scheme-208/
Imperial Garden Homes,/society_maps/lahore/imperial_garden_homes-640/
Inmol Society,/society_maps/lahore/inmol_society-858/
International City Country Homes,/society_maps/lahore/international_city_country_homes-1319/
Iqbal Colony,/society_maps/lahore/iqbal_colony-2531/
Iqbal Garden,/society_maps/lahore/iqbal_garden-6125/
Iqbal Park,/society_maps/lahore/iqbal_park-1943/
Irrigation Colony,/society_maps/lahore/irrigation_colony-2501/
Irum Garden Housing Society,/society_maps/lahore/irum_garden_housing_society-3008/
Islam Nagar,/society_maps/lahore/islam_nagar-3163/
Islamabad Colony,/society_maps/lahore/islamabad_colony-6088/
Ittehad Colony,/society_maps/lahore/ittehad_colony-2545/
Ittifaq Town,/society_maps/lahore/ittifaq_town-1938/
Izmir Town,/society_maps/lahore/izmir_town-44/
Izmir Town Extension,/society_maps/lahore/izmir_town_extension-862/
Jaffar Town,/society_maps/lahore/jaffar_town-243/
Jaffaria Colony,/society_maps/lahore/jaffaria_colony-2547/
Jamil Town,/society_maps/lahore/jamil_town-2548/
Jewa Town,/society_maps/lahore/jewa_town-787/
Jewan Mal,/society_maps/lahore/jewan_mal-4641/
Jinnah Colony,/society_maps/lahore/jinnah_colony-3097/
Jinnah Park,/society_maps/lahore/jinnah_park-3380/
Johar Town,/society_maps/lahore/johar_town-1354/
Jubilee Town,/society_maps/lahore/jubilee_town-846/
Jubilee Town - Commercial Area,/society_maps/lahore/jubilee_town_commercial_area-4099/
Judicial Colony,/society_maps/lahore/judicial_colony-265/
Kakezai Housing Society,/society_maps/lahore/kakezai_housing_society-788/
Karamabad,/society_maps/lahore/karamabad-3426/
Kausar Colony,/society_maps/lahore/kausar_colony-3996/
KEMC Housing Society,/society_maps/lahore/kemc_housing_society-1782/
Khayaban-e-Amin,/society_maps/lahore/khayaban_e_amin-845/
Khayaban-e-Quaid,/society_maps/lahore/khayaban_e_quaid-3094/
Khuda Buksh Colony,/society_maps/lahore/khuda_buksh_colony-2149/
Kings Town,/society_maps/lahore/kings_town-1689/
Labor Colony,/society_maps/lahore/labor_colony-3066/
Lahore Avenue,/society_maps/lahore/lahore_avenue-850/
Lahore Greenz,/society_maps/lahore/lahore_greenz-4154/
Lahore Motorway City,/society_maps/lahore/lahore_motorway_city-211/
Lahore Smart City,/society_maps/lahore/lahore_smart_city-1904/
Lake City,/society_maps/lahore/lake_city-854/
Lalazaar Garden,/society_maps/lahore/lalazaar_garden-3001/
Land Breeze Housing Society,/society_maps/lahore/land_breeze_housing_society-863/
Larechs Colony,/society_maps/lahore/larechs_colony-3230/
LDA Avenue,/society_maps/lahore/lda_avenue-49/
LDA City,/society_maps/lahore/lda_city-1586/
LDA Colony,/society_maps/lahore/lda_colony-3382/
LDA Quarters,/society_maps/lahore/lda_quarters-3383/
Madina Colony,/society_maps/lahore/madina_colony-2522/
Madni Gardens Housing Scheme,/society_maps/lahore/madni_gardens_housing_scheme-1588/
Main Market,/society_maps/lahore/main_market-2218/
Makkah Colony,/society_maps/lahore/makkah_colony-2537/
Mansoora Homes,/society_maps/lahore/mansoora_homes-3384/
Mansoorah,/society_maps/lahore/mansoorah-2499/
Marghzar Officers Colony,/society_maps/lahore/marghzar_officers_colony-198/
Maryam Town,/society_maps/lahore/maryam_town-1324/
Mateen Avenue,/society_maps/lahore/mateen_avenue-2479/
Mateen Garden,/society_maps/lahore/mateen_garden-3385/
Mehal Avenue,/society_maps/lahore/mehal_avenue-6094/
Mehrabad,/society_maps/lahore/mehrabad-3109/
MET 1,/society_maps/lahore/met_1-3386/
MET 2,/society_maps/lahore/met_2-3387/
Mian Amiruddin Park,/society_maps/lahore/mian_amiruddin_park-2999/
Mian Mir Colony,/society_maps/lahore/mian_mir_colony-2536/
Midcity,/society_maps/lahore/mid_city-1714/
Military Accounts Housing Society,/society_maps/lahore/military_accounts_housing_society-261/
Millat Colony,/society_maps/lahore/millat_colony-2533/
Millat Tractors Employees Housing Society,/society_maps/lahore/millat_tractors_employees_housing_society-1216/
Model City Housing Scheme,/society_maps/lahore/model_city-1589/
Model Colony,/society_maps/lahore/model_colony-3024/
Model Town,/society_maps/lahore/model_town-34/
Mohlanwal Scheme,/society_maps/lahore/mohlanwal_scheme-829/
Moon Villas,/society_maps/lahore/moon_villas-3169/
Muhammadpura,/society_maps/lahore/muhammadpura-3315/
Muqaddas Park,/society_maps/lahore/muqaddas_park-2998/
Mushtaq Park - Phase 3,/society_maps/lahore/mushtaq_park_phase_3-821/
Muslim Gunj,/society_maps/lahore/muslim_gunj-2535/
Muslim Nagar Housing Scheme,/society_maps/lahore/muslim_nagar_housing_scheme-228/
Muslim Town,/society_maps/lahore/muslim_town-35/
Mustafa Garden Phase 3,/society_maps/lahore/mustafa_garden_phase_3-1694/
Mustafa Town,/society_maps/lahore/mustafa_town-268/
Nagina Homes,/society_maps/lahore/nagina_homes-3189/
National Homes,/society_maps/lahore/national_homes-1576/
Nawab Town,/society_maps/lahore/nawab_town-275/
Nawaz Sharif Colony,/society_maps/lahore/nawaz_sharif_colony-2523/
Nayyab Villas,/society_maps/lahore/nayyab_villas-2528/
Naz Town,/society_maps/lahore/naz_town-296/
Nazir Garden Society,/society_maps/lahore/nazir_garden_society-2494/
NB Villas,/society_maps/lahore/nb_villas-2481/
Nespak Housing Scheme,/society_maps/lahore/nespak_housing_scheme-287/
New Chauburji Park,/society_maps/lahore/new_chauburji_park-1955/
New Green City,/society_maps/lahore/new_green_city-3355/
New Iqbal Park Cantt,/society_maps/lahore/new_iqbal_park_cantt-2862/
New Kashmir Park Housing Scheme,/society_maps/lahore/new_kashmir_park_housing_scheme-849/
New Khan Colony,/society_maps/lahore/new_khan_colony-2525/
New Lahore City,/society_maps/lahore/zaitoon_new_lahore_city-1783/
New Muslim Town,/society_maps/lahore/new_muslim_town-269/
New Samanabad,/society_maps/lahore/new_samanabad-3388/
New Shah Kamal Colony,/society_maps/lahore/new_shah_kamal_colony-2546/
New Super Town,/society_maps/lahore/new_super_town-1944/
NFC 1,/society_maps/lahore/nfc_1-272/
NFC 2,/society_maps/lahore/nfc_2-86/
NFC 2 - Commercial Area,/society_maps/lahore/nfc_2_commercial_area-4362/
Nishat Colony,/society_maps/lahore/nishat_colony-1986/
Officer Colony,/society_maps/lahore/officer_colony-2995/
Olympians Cooperative Housing Society,/society_maps/lahore/olympians_cooperative_housing_society-642/
Omega Residencia,/society_maps/lahore/omega_residencia-1399/
OPF Housing Scheme,/society_maps/lahore/opf_housing_scheme-280/
P & D Housing Society,/society_maps/lahore/p_&_d_housing_society-252/
P&T Colony,/society_maps/lahore/p&t_colony-3389/
PAF Colony,/society_maps/lahore/paf_colony-3390/
PAF Falcon Complex,/society_maps/lahore/paf_falcon_complex-1356/
Pak Arab Enclave,/society_maps/lahore/pak_arab_enclave-824/
Pak Arab Housing Society,/society_maps/lahore/pak_arab_housing_society-32/
Pakistan Medical Housing Society,/society_maps/lahore/pakistan_medical_housing_society-307/
Pakki Thatti,/society_maps/lahore/pakki_thatti-6087/
Palm City,/society_maps/lahore/palm_city-1348/
Palm Villas,/society_maps/lahore/palm_villas-1727/
Paradise Apartment,/society_maps/lahore/paradise_apartment-3228/
Paradise Homes Super Town,/society_maps/lahore/paradise_homes_super_town-3391/
Paragon City,/society_maps/lahore/paragon_city-759/
Park Avenue Housing Scheme,/society_maps/lahore/park_avenue_housing_scheme-1345/
Park View City,/society_maps/lahore/park_view_city-291/
PASSCO Housing Society,/society_maps/lahore/passco_housing_society-830/
PCSIR Staff Colony,/society_maps/lahore/pcsir_staff_colony-262/
PIA Housing Scheme,/society_maps/lahore/pia_housing_scheme-281/
Pine Villas,/society_maps/lahore/pine_villas-1206/
Platinum Homes,/society_maps/lahore/platinum_homes-1812/
Prime Homes 1,/society_maps/lahore/prime_homes_1-848/
Prime Homes 2,/society_maps/lahore/prime_homes_2-847/
Public Health Society,/society_maps/lahore/public_health_society-859/
Punjab Coop Housing Society,/society_maps/lahore/punjab_coop_housing_society-33/
Punjab Government Servant Housing Foundation,/society_maps/lahore/punjab_govt_servant_society-290/
Punjab Small Industries Colony,/society_maps/lahore/punjab_small_industries_colony-2516/
Punjab University Employees Society,/society_maps/lahore/punjab_university_employees_society-289/
Qadri Colony,/society_maps/lahore/qadri_colony-6035/
Qasimpura,/society_maps/lahore/qasimpura-2147/
Qazi Town,/society_maps/lahore/qazi_town-2540/
Quaid-e-Azam Industrial Estate,/society_maps/lahore/quaid_e_azam_industrial_estate-2859/
Rail Town (Canal City),/society_maps/lahore/rail_town_(canal_city)-810/
Railway Colony,/society_maps/lahore/railway_colony-3232/
Railway Golf Avenue,/society_maps/lahore/railway_golf_avenue-4294/
Railway Shalimar Larechs Scheme,/society_maps/lahore/railway_shalimar_larechs_scheme-2301/
Railway Wireless Colony,/society_maps/lahore/railway_wireless_colony-2549/
Rajpoot Town,/society_maps/lahore/rajpoot_town-267/
Rasool Park,/society_maps/lahore/rasool_park-2978/
Real Cottages,/society_maps/lahore/real_cottages-2515/
Rehman City - Phase 4,/society_maps/lahore/rehman_city_phase_4-822/
Rehman City Phase 6,/society_maps/lahore/rehman_city_phase_6-3393/
Rehman Gardens,/society_maps/lahore/rehman_gardens-2553/
Rehman Housing Society,/society_maps/lahore/rehman_housing_society-2841/
Rehman Park,/society_maps/lahore/rehman_park-3009/
Rehman Villas,/society_maps/lahore/rehman_villas-2492/
Rewaz Garden,/society_maps/lahore/rewaz_garden-3394/
River Edge Housing Scheme,/society_maps/lahore/river_edge_housing_scheme-773/
River View Coop Housing Society,/society_maps/lahore/river_view_coop_housing_society-2503/
Rizwan Garden Scheme,/society_maps/lahore/rizwan_garden_scheme-2483/
Rose Garden,/society_maps/lahore/rose_garden-2971/
Royal Residencia,/society_maps/lahore/royal_residencia-2900/
Rustam Park,/society_maps/lahore/rustam_park-3000/
SA Gardens,/society_maps/lahore/sa_gardens-1698/
Saadat Avenue,/society_maps/lahore/saadat_avenue-3069/
Saadi Park,/society_maps/lahore/saadi_park-2534/
Sabzazar Scheme,/society_maps/lahore/sabzazar_scheme-31/
Sadat Cooperative Housing Society (College Town),/society_maps/lahore/sadat_cooperative_housing_society_(college_town)-274/
Safari Garden Housing Scheme,/society_maps/lahore/safari_garden_housing_scheme-1117/
Safiya Homes,/society_maps/lahore/safia_homes-3989/
Sahafi Colony,/society_maps/lahore/sahafi_colony-6077/
Saiden Shah Colony,/society_maps/lahore/saiden_shah_colony-3055/
Saidpur,/society_maps/lahore/saidpur-2986/
Salli Town,/society_maps/lahore/salli_town-2521/
Sally Town South,/society_maps/lahore/sally_town_south-1217/
Saman Berg,/society_maps/lahore/saman_berg-3065/
Samanabad,/society_maps/lahore/samanabad-1932/
Samanabad Main Boulevard,/society_maps/lahore/samanabad_main_boulevard-4388/
Satellite Town,/society_maps/lahore/satellite_town-3209/
Schazoo Housing Colony,/society_maps/lahore/schazoo_housing_colony-1552/
Scheme No 1,/society_maps/lahore/scheme_no_1-3231/
Shabbir Town - Executive Apartments,/society_maps/lahore/shabbir_town_executive_apartments-3395/
Shadbagh,/society_maps/lahore/shadbagh-1716/
Shadman 1,/society_maps/lahore/shadman_1-293/
Shadman 2,/society_maps/lahore/shadman_2-2909/
Shadman Enclave,/society_maps/lahore/shadman_enclave-3105/
Shah Farid,/society_maps/lahore/shah_farid-3349/
Shah Jamal,/society_maps/lahore/shah_jamal-292/
Shahtaj Colony,/society_maps/lahore/shahtaj_colony-6031/
Shalimar Housing Scheme,/society_maps/lahore/shalimar_housing_scheme-1984/
Sheraz Town,/society_maps/lahore/sheraz_town-1275/
Sikanderabad,/society_maps/lahore/sikanderabad-3396/
SJ Garden,/society_maps/lahore/sj_garden-3208/
Sodiwal,/society_maps/lahore/sodiwal-2994/
State Bank Colony,/society_maps/lahore/state_bank_colony-2255/
Subedar Colony,/society_maps/lahore/subedar_colony-2145/
Sukh Chayn Gardens,/society_maps/lahore/sukh_chayn_gardens-232/
Sultan Park,/society_maps/lahore/sultan_park-2530/
Sultan Town,/society_maps/lahore/sultan_town-277/
Sun City Housing Scheme,/society_maps/lahore/sun_city_housing_scheme-3087/
Sundar Industrial Estate,/society_maps/lahore/sundar_industrial_estate-1947/
Sundar Small Industrial Estate 2,/society_maps/lahore/sundar_small_industrial_estate_2-4734/
Sunflower Housing Society,/society_maps/lahore/sunflower_housing_society-1204/
Sunfort Gardens,/society_maps/lahore/sunfort_gardens-276/
Sunny Park,/society_maps/lahore/sunny_park-245/
Super Town,/society_maps/lahore/super_town-2876/
T & T Aabpara Housing Society,/society_maps/lahore/t_&_t_aabpara_housing_society-375/
Taj Bagh Scheme,/society_maps/lahore/taj_bagh_scheme-1960/
Tajpura,/society_maps/lahore/tajpura-1667/
Takbeer Villas,/society_maps/lahore/takbeer_villas-4861/
Tariq Gardens,/society_maps/lahore/tariq_gardens-294/
TECH Society,/society_maps/lahore/tech_society-224/
Theme Park View Society,/society_maps/lahore/theme_park_view_society-3353/
Timber Market Scheme,/society_maps/lahore/timber_market_scheme-3398/
TIP Housing Society,/society_maps/lahore/tip_housing_society-1988/
Toheed Park,/society_maps/lahore/toheed_park-2997/
Township,/society_maps/lahore/township-30/
Township - Civic Center,/society_maps/lahore/township_civic_center-4127/
Tricon Village,/society_maps/lahore/tricon_village-1733/
UET Housing Society,/society_maps/lahore/uet_housing_society-273/
Umer Colony,/society_maps/lahore/umer_colony-2532/
Upper Mall,/society_maps/lahore/upper_mall-1715/
Urban Villas,/society_maps/lahore/urban_villas-3180/
Valencia -  Commercial Zone A1,/society_maps/lahore/valencia__commercial_zone_a1-4231/
Valencia -  Commercial Zone A2,/society_maps/lahore/valencia__commercial_zone_a2-4232/
Valencia -  Commercial Zone A3,/society_maps/lahore/valencia__commercial_zone_a3-4233/
Valencia -  Commercial Zone A4,/society_maps/lahore/valencia__commercial_zone_a4-4234/
Valencia -  Commercial Zone A5,/society_maps/lahore/valencia__commercial_zone_a5-4235/
Valencia -  Commercial Zone A6,/society_maps/lahore/valencia__commercial_zone_a6-4236/
Valencia -  Commercial Zone A7,/society_maps/lahore/valencia__commercial_zone_a7-4237/
Valencia -  Commercial Zone A8,/society_maps/lahore/valencia__commercial_zone_a8-4238/
Valencia -  Commercial Zone B,/society_maps/lahore/valencia__commercial_zone_b-4239/
Valencia -  Commercial Zone C,/society_maps/lahore/valencia__commercial_zone_c-4240/
Valencia -  Commercial Zone D,/society_maps/lahore/valencia__commercial_zone_d-4241/
Valencia - Commercial Zone A,/society_maps/lahore/valencia_commercial_zone_a-4230/
Valencia Housing Society,/society_maps/lahore/valencia_housing_society-58/
Venus Housing Scheme,/society_maps/lahore/venus_housing_scheme-2551/
Wafaqi Colony,/society_maps/lahore/wafaqi_colony-2496/
Wahdat Colony,/society_maps/lahore/wahdat_colony-2495/
Walton Railway Officers Colony,/society_maps/lahore/walton_railway_officers_colony-2527/
Wapda Finance Officers Cooperative Housing Society,/society_maps/lahore/wapda_finance_officers_cooperative_housing_society-3127/
Wapda Finance Officers Subsistence Farm Homes Cooperative Society,/society_maps/lahore/wapda_finance_officers_subsistence_farm_homes_cooperative_society-229/
Wapda Officers Colony,/society_maps/lahore/wapda_officers_colony-3399/
Wapda Town,/society_maps/lahore/wapda_town-1935/
Wapda Town Extension,/society_maps/lahore/wapda_town_extension-828/
Waris Colony,/society_maps/lahore/waris_colony-2497/
West Wood Housing Society,/society_maps/lahore/west_wood_housing_society-278/
Women Housing Society,/society_maps/lahore/women_housing_society-216/
Wyeth Employees Coop Housing,/society_maps/lahore/wyeth_employees_coop_housing-1218/
Yasrab Colony,/society_maps/lahore/yasrab_colony-6030/
Zaamin Fazaia Villas,/society_maps/lahore/zaamin_fazaia_villas-761/
Zafar Colony,/society_maps/lahore/zafar_colony-6032/
Zaheer Villas,/society_maps/lahore/zaheer_villas-791/
Zain Residencia,/society_maps/lahore/zain_residencia-4157/
Zam Zam City,/society_maps/lahore/zam_zam_city-3997/
Zaman Colony,/society_maps/lahore/zaman_colony-2529/
Zubaida Park,/society_maps/lahore/zubaida_park-3062/
